full_name,rank_division,ag_rank,nation,age_group
Name,Rank,Rank,,Nat
"Cruz, Tanguy",1,1,FRA,Nat
"Algret, Pierre",2,1,FRA,Nat
"盛, 志康",3,2,CHN,Nat
"王, 忍",4,3,CHN,Nat
"Gough, Mark",5,1,IRL,Nat
"Tieu, Johnny",6,1,USA,Nat
"Smerin, Richard",7,2,GBR,Nat
"Smith, Alex",8,4,USA,Nat
"潘, 鸿洁",9,2,CHN,Nat
"郭, 凌琨",10,3,CHN,Nat
"nam, kitae",11,5,KOR,Nat
"Dong, Joo bong",12,6,KOR,Nat
"Corry, Daniel",13,4,GBR,Nat
"郭, 晨光",14,2,CHN,Nat
"Wong, Wong Ting",15,3,CHN,Nat
"Lin, Han",16,5,NED,Nat
"Slattery, Peter",17,1,IRL,Nat
"Kuo, Sihao",18,6,NED,Nat
"Li, Adrian",19,7,HKG,Nat
"Hardie, Callum",20,4,NZL,Nat
"Poliakov, Pavel",21,8,HYROX,Nat
"赵, 龙龙",22,9,CHN,Nat
"郭, 嘉",23,7,BEL,Nat
"马, 里",24,10,CHN,Nat
"徐, 康康",25,5,CHN,Nat
"Farney, Zach",26,11,USA,Nat
"Sun, Joseph",27,8,USA,Nat
"Brosius, Joshua",28,9,,Nat
"李, 聪",29,12,CHN,Nat
"Ong, Shi-Ern Zachary Bryan",30,2,SIN,Nat
"LYIMO, ABEL THOMAS",31,13,TAN,Nat
"贾, 潞斌",32,6,CHN,Nat
"Savolainen, Ari-Pekka",33,10,FIN,Nat
"侯, 杰",34,3,CHN,Nat
"Entwistle, Dan",35,11,GBR,Nat
"Baroche, Vincent",36,14,FRA,Nat
"lampard, Dan",37,1,GBR,Nat
"戴, 学峰",38,7,CHN,Nat
"TIMUR, JANZAKOV",39,8,KAZ,Nat
"江, 鹏",40,15,CHN,Nat
"王, 离",41,16,CHN,Nat
"Smorczewski, Oskar",42,9,POL,Nat
"盘, 业进",43,3,CHN,Nat
"闫, 钰祺",44,10,CHN,Nat
"张, 叶",45,12,CHN,Nat
"周, 华龙",46,4,CHN,Nat
"STAAL, EWEN",47,13,NED,Nat
"Park, Hangyul",48,17,KOR,Nat
"潘, 益慧",49,4,CHN,Nat
"岑, 恒安",50,14,CHN,Nat
"陈, 锋",51,15,CHN,Nat
"王, 则中",52,11,CHN,Nat
"包, 新宇",53,18,CHN,Nat
"Enkhtugs, Sukhbaatar",54,12,MGL,Nat
"叶, 云",55,16,CHN,Nat
"郝, 增毅",56,5,CHN,Nat
"孙, 克臣",57,6,CHN,Nat
"Wong, Wai Yuin",58,13,SIN,Nat
"傅, 一昕",59,14,CHN,Nat
"曹, 芝烨",60,19,CHN,Nat
"PALMER, SAMUEL ROBERT",61,7,GBR,Nat
"Adkinson, George",62,5,PHI,Nat
"徐, 王钦",63,15,CHN,Nat
"程, 让",64,16,CHN,Nat
"侯, 捷",65,17,CHN,Nat
"Abdulla, Khamraliev",66,18,UZB,Nat
"柳, 漪良",67,20,CHN,Nat
"李, 烨天",68,21,CHN,Nat
"赵, 坤",69,6,CHN,Nat
"孙, 亚运",70,22,CHN,Nat
"Anderson, Daniel",71,2,GBR,Nat
"Pincott, Jamie",72,17,GBR,Nat
"Vasilev, Lev",73,19,HYROX,Nat
"刘, 彤",74,23,CHN,Nat
"DAVIS, JOSE MATTHEW",75,24,RSA,Nat
"de Vries, Bryan",76,25,NED,Nat
"韩, 朋飞",77,18,CHN,Nat
"A, Akhmedov",78,19,TJK,Nat
"林, 健敏",79,26,CHN,Nat
"丁, 闻捷",80,20,CHN,Nat
"韦, 家锋",81,21,CHN,Nat
"黄, 凤翔",82,27,CHN,Nat
"Kim, Geonwoo",83,22,KOR,Nat
"徐, 慧",84,8,CHN,Nat
"刘, 林烽",85,23,CHN,Nat
"Ang, Samuel Wai Kit",86,28,SIN,Nat
"Ong, Gabriel",87,24,SIN,Nat
"张, 昆鹏",88,20,CHN,Nat
"李, 泽",89,29,CHN,Nat
"王, 鑫",90,30,CHN,Nat
", Rakotoarisoa",91,21,MAD,Nat
"柏, 志伟",92,31,CHN,Nat
"Zallar, Derek",93,32,USA,Nat
"FLOMO, JOHN L",94,25,LBR,Nat
"俞, 亮鑫",95,22,CHN,Nat
"李, 逢时",96,33,CHN,Nat
"谢, 奕炜",97,9,CHN,Nat
"陶, 君屹",98,26,CHN,Nat
"张, 豪",99,23,CHN,Nat
"潘, 经纬",100,24,CHN,Nat
"潘, 鵾",101,10,CHN,Nat
"唐, 浩雨",102,34,CHN,Nat
"屠, 海蛟",103,25,CHN,Nat
"钱, 鑫",104,35,CHN,Nat
"刘, 云政",105,36,CHN,Nat
"王, 誓鹏",106,27,CHN,Nat
"王, 凤茂",107,26,CHN,Nat
"Vaz, Walter",108,37,FRA,Nat
"张, 蒙",109,28,CHN,Nat
"李, 曜菖",110,7,CHN,Nat
"胡, 迎春",111,11,CHN,Nat
"沈, 佛灵",112,29,CHN,Nat
"金, 磊",113,27,CHN,Nat
"张, 伟",114,38,CHN,Nat
"袁, 森",115,3,CHN,Nat
"张, 云鹏",116,39,CHN,Nat
"赵, 宇豪",117,40,CHN,Nat
"杨, 勇琳",118,41,CHN,Nat
"黄, 长炽",119,42,CHN,Nat
"杨, 泓圣",120,8,CHN,Nat
"裴, 皓纯",121,28,CHN,Nat
"魏, 子桓",122,29,CHN,Nat
"Kerr, Lawrence",123,30,AUS,Nat
"Smirnov, Oleg",124,9,HYROX,Nat
"张, 美琳",125,31,CHN,Nat
"李, 亨哲",126,43,CHN,Nat
"闫, 朋飞",127,30,CHN,Nat
"Chua, Richardo",128,12,SIN,Nat
"Chuei, Jason",129,13,AUS,Nat
"郭, 威龙",130,44,CHN,Nat
"熊, 昌盛",131,45,CHN,Nat
"Diethelm, Christoph",132,31,SUI,Nat
"张, 鹏",133,10,CHN,Nat
"Leong, Laurel",134,32,SIN,Nat
"陈, 曦",135,14,CHN,Nat
"张, 松源",136,15,CHN,Nat
"黄, 超然",137,4,CHN,Nat
"孙, 政梁",138,46,CHN,Nat
", LIMSEONGYONG",139,47,KOR,Nat
"夏, 子豪",140,32,CHN,Nat
"YI JIE, LIN,",141,33,RSA,Nat
"Rizal, Ibnu",142,1,INA,Nat
"常, 永来",143,33,CHN,Nat
"王, 琰炎",144,48,CHN,Nat
"吴, 刚",145,34,CHN,Nat
"刘, 海康",146,–,CHN,Nat
"宋, 特为",147,11,CHN,Nat
"陈, 天琛",148,34,CHN,Nat
"马, 强强",149,35,CHN,Nat
", Rich",150,36,RSA,Nat
"刘, 秉枘",151,37,CHN,Nat
"袁, 骏骅",152,49,CHN,Nat
"Yip, Henry",153,5,HKG,Nat
"柯, 毅烽",154,35,CHN,Nat
"刘, 文博",155,36,CHN,Nat
"Singh, Ratish",156,6,FIJ,Nat
"蒋, 顺渝",157,50,CHN,Nat
"康, 小艺",158,2,CHN,Nat
"袁, 保华",159,37,CHN,Nat
"Poch, Froilan",160,1,ESP,Nat
"郭, 英男",161,51,CHN,Nat
", HWANGJUNGHYUN",162,52,KOR,Nat
"Geoffrey, TASTEVIN",163,53,FRA,Nat
"叶, 俊德",164,38,IND,Nat
"吴, 飞强",165,7,CHN,Nat
"赵, 旭超",166,38,CHN,Nat
"张, 硕",167,39,CHN,Nat
"袁, 一凡",168,39,CHN,Nat
"徐, 冬青",169,16,CHN,Nat
"戴, 鑫",170,40,CHN,Nat
"张, 福远",171,40,CHN,Nat
"谷, 俊学",172,41,CHN,Nat
"危, 凯",173,41,CHN,Nat
"Mansfield, Jonathan",174,8,AUS,Nat
"施, 民强",175,42,CHN,Nat
"杨, 鲁杰",176,12,CHN,Nat
"金, 唯杰",177,17,CHN,Nat
"陈, 佩翔",178,54,CHN,Nat
"赵, 亚东",179,43,CHN,Nat
